{"generation": 15, "best_fitness": 154.0, "pipe_seed": 2145759403, "genome": [0.592162013053894, -0.40776124596595764, 1.2024729251861572, 1.3375436067581177, -0.5019510984420776, -0.5880764722824097, 0.17738398909568787, -0.3127833902835846, -0.11113938689231873, -0.4055001437664032, 1.3774100542068481, 0.9918433427810669, 0.7619080543518066, -0.2486974596977234, 0.8736411333084106, -0.2114504873752594, 0.5150868892669678, -0.7455401420593262, 0.2587350010871887, 0.05128124728798866, -0.01397097110748291, -0.5442907810211182, 0.227389395236969, -0.47653308510780334, 0.6323460340499878, -0.6229465007781982, 0.8295748233795166, -0.7349570393562317, 0.680056095123291, 1.193543553352356, 0.4012611210346222, -0.6454812288284302, 0.14287669956684113, 0.9961393475532532, -1.2775094509124756, 1.245593547821045, -0.32284608483314514, 0.3078700006008148, 0.8175535202026367, 0.0031388401985168457, 0.8079200983047485, -0.33687859773635864, 0.17571140825748444, 0.2396540343761444, -0.45527687668800354, 0.23269470036029816, 0.4307241439819336, 0.0, 1.0198673009872437, 0.030627897009253502, -0.46186619997024536, -0.416461318731308, -0.41045287251472473, 0.403140664100647, -0.5908628702163696, -0.2594747543334961, 0.8775457739830017, -0.9672853350639343, 0.26456981897354126, -1.5986727476119995, -0.731663167476654, -0.7693111896514893, -0.02031192183494568, -0.802445650100708, -0.15801167488098145, -0.49016788601875305], "topology": [5, 8, 2]}