{"generation": 3, "best_fitness": 226.0, "pipe_seed": 1487352844, "genome": [0.26043784618377686, -0.19101394712924957, 0.6595144271850586, 0.8849595785140991, 0.05258513242006302, 0.15440522134304047, -0.5668482184410095, -0.5109385251998901, -0.731078565120697, 0.058991555124521255, 0.8250434398651123, 0.09567485004663467, -0.8882564306259155, -1.3865710496902466, 0.8707176446914673, 0.21837323904037476, 0.3043665885925293, -1.1153522729873657, -0.504072904586792, -1.179985523223877, 1.0408859252929688, 0.23569990694522858, 0.8226248025894165, -0.9078869223594666, -0.10939697921276093, 0.6556071043014526, 1.076235055923462, -0.8217241168022156, 0.8003997206687927, 0.28407755494117737, 0.47430190443992615, 0.032709263265132904, 0.4289586842060089, -0.2639147639274597, 0.2675842344760895, 0.8582345843315125, 0.09696321189403534, 0.1864480823278427, -0.1695006638765335, -0.22881868481636047, 0.0, 0.0, 0.04674752056598663, 0.0, 0.0, 0.0, 0.0, 0.0, 0.16989685595035553, -0.05283975601196289, -0.3149690628051758, -1.015634536743164, 0.270484983921051, 0.4141322374343872, 0.5800480246543884, 0.45883625745773315, 0.04453352838754654, -0.23551782965660095, 0.14603127539157867, -0.5185849070549011, 0.6614363789558411, 0.24230313301086426, 0.4198080599308014, 0.773463785648346, 0.0, 0.0], "topology": [5, 8, 2]}