{"generation": 1, "best_fitness": 88.0, "pipe_seed": 1816076495, "genome": [-0.24165596067905426, -0.7543786764144897, 1.0699796676635742, -0.6119128465652466, 0.06485230475664139, -0.7367244362831116, -0.27283740043640137, 0.057472459971904755, 0.1020754724740982, -0.6474805474281311, -0.075814388692379, 0.2213253229856491, 0.9386764168739319, 0.5047958493232727, 0.6785501837730408, 0.4003596603870392, -0.4219203293323517, -0.20767775177955627, 0.5733401775360107, -0.4347664713859558, -0.7092039585113525, -0.027687279507517815, -1.1498011350631714, -0.4948466122150421, -0.7207136750221252, -0.260885626077652, 0.8299978971481323, 1.4667813777923584, 0.3750782907009125, -0.6075553297996521, 0.46238863468170166, 0.26594242453575134, -0.3809710741043091, 0.5572420954704285, -0.30583256483078003, -0.3664729595184326, 0.03628455102443695, 0.433524489402771, -0.2329447716474533, 0.22466102242469788, 0.0, 0.0, 0.0, 0.0, 0.0, 0.0, 0.0, 0.0, -0.9147113561630249, 0.1461394727230072, -0.23922017216682434, -0.2614600956439972, -1.262894868850708, -0.7246012091636658, -0.8727730512619019, 0.3027268946170807, -0.46096572279930115, 0.1366596668958664, 0.3294546604156494, -0.27320781350135803, -0.5137292742729187, 0.6052550673484802, 0.13097068667411804, -0.616341769695282, 0.0, 0.0], "topology": [5, 8, 2]}