{"generation": 20, "best_fitness": 485.0, "pipe_seed": 501897072, "genome": [0.07504615187644958, -0.013797998428344727, 0.6595144271850586, 2.253298044204712, -0.46324390172958374, -0.5880764722824097, 0.0979681983590126, -0.5127214193344116, -0.21103352308273315, -0.07243169099092484, 0.13600698113441467, 0.8453201055526733, 0.7619080543518066, -1.5693299770355225, -0.34886741638183594, 0.24243856966495514, 0.12594369053840637, -0.6659609079360962, 0.2587350010871887, 1.251922369003296, -0.8985874652862549, -0.22825059294700623, 1.6525425910949707, -0.4334275424480438, 0.031870514154434204, -0.9142394065856934, 0.24915185570716858, 0.005818545818328857, 2.0916178226470947, 1.812026023864746, 0.7897393703460693, -0.6454812288284302, 0.14287669956684113, -0.9879008531570435, -0.5784159302711487, 1.0081818103790283, -0.44604307413101196, 0.2436998188495636, 0.10760879516601562, -1.0349982976913452, 0.0, -0.42305225133895874, 0.17571140825748444, -0.7103763818740845, -0.5234635472297668, 0.06919360160827637, -0.0042449720203876495, 0.0, -0.6412088871002197, 0.17873355746269226, -0.998837411403656, -0.18698963522911072, -0.4474753141403198, 1.0143508911132812, -0.18138961493968964, 0.3027268946170807, -0.14980819821357727, -1.0005393028259277, 0.005160246044397354, -1.8814430236816406, -0.1060277596116066, -0.7908074259757996, -0.3055574297904968, 0.773463785648346, 0.08082130551338196, -0.22802326083183289], "topology": [5, 8, 2]}