{"generation": 10, "best_fitness": 152.0, "pipe_seed": 1823617581, "genome": [0.26043784618377686, -0.02588474750518799, 0.6595144271850586, 1.5141109228134155, -0.5019510984420776, -0.5880764722824097, 0.7277815937995911, -0.6300994157791138, 1.094870686531067, 0.07832738012075424, 0.13600698113441467, -0.26695725321769714, 0.5024455785751343, -1.5513758659362793, 0.09488304704427719, -0.10719973593950272, 0.5636808276176453, -0.6659609079360962, 0.2587350010871887, 0.8080204725265503, -0.5971820950508118, -0.5442907810211182, 1.2224764823913574, -0.27405446767807007, 1.250352382659912, -0.15962088108062744, -0.02565149962902069, 0.2942109704017639, 2.040494680404663, 1.8170273303985596, 0.4012611210346222, -0.6454812288284302, -1.4052398204803467, -1.0461480617523193, -0.9482437372207642, 0.8582345843315125, -0.32536619901657104, 0.14822670817375183, 0.6633713245391846, -0.23521065711975098, 0.0, -0.21659836173057556, 0.17571140825748444, 0.4117633104324341, 0.329210489988327, 0.04631076380610466, 0.36735257506370544, 0.0, 0.0287574864923954, -0.5680840015411377, -0.7052223682403564, -0.18698963522911072, -0.41045287251472473, 0.403140664100647, -0.7275575995445251, -0.6799407005310059, 0.017137717455625534, -0.3341354429721832, 0.26456981897354126, -1.5986727476119995, -0.10859769582748413, -0.7693111896514893, -0.3806076645851135, -0.8132415413856506, -0.18511952459812164, -0.19666185975074768], "topology": [5, 8, 2]}