{"generation": 24, "best_fitness": 335.0, "pipe_seed": 814735603, "genome": [0.12490770220756531, -0.20719856023788452, 1.0722434520721436, 0.13078802824020386, -0.028797313570976257, -0.5880764722824097, 0.43092861771583557, -0.6909810900688171, 0.3632771968841553, -0.8505306243896484, -0.3319074809551239, 0.6051902770996094, 0.7619080543518066, -2.107790470123291, 0.2678103744983673, -0.15862254798412323, 0.6553491950035095, -0.7925785183906555, 0.48290741443634033, 0.8080204725265503, -0.2068530023097992, 0.010779514908790588, 1.2224764823913574, -0.22107796370983124, -0.15686804056167603, -0.2263379693031311, 0.10653221607208252, -0.19817569851875305, 1.0080242156982422, 2.1782350540161133, -0.35683703422546387, -0.6454812288284302, 0.14287669956684113, -0.23433184623718262, -0.987541913986206, 1.06734299659729, -0.26721709966659546, 0.14822670817375183, 0.42388302087783813, -0.5811988711357117, -0.005864202976226807, -0.8086385726928711, 0.12868711352348328, -0.6352740526199341, -0.20156092941761017, 0.3758629560470581, 0.36735257506370544, 0.3861067593097687, -0.2756797671318054, -0.3224848806858063, -1.1069755554199219, 0.02096135914325714, -0.9216357469558716, 0.5381393432617188, -0.7275575995445251, -0.2594747543334961, -0.40821573138237, -1.0638515949249268, 0.39475560188293457, -1.5986727476119995, 0.00872715562582016, -0.35728734731674194, -0.3055574297904968, -1.3452236652374268, -0.4729297161102295, 0.08565133810043335], "topology": [5, 8, 2]}