{"generation": 21, "best_fitness": 420.0, "pipe_seed": 828172408, "genome": [0.05234807729721069, -0.6195598244667053, 0.7636376023292542, 0.02976774424314499, -0.6536738872528076, -0.5632994771003723, 0.21298961341381073, -0.3127833902835846, 0.20463702082633972, -0.3694899082183838, 0.6985048055648804, 0.8940125107765198, -0.6696492433547974, -2.108611822128296, -1.329702377319336, -0.06075790524482727, 0.6876803040504456, -0.03728145360946655, 0.20856283605098724, 0.9954680800437927, -0.5971820950508118, -0.5442907810211182, 1.2113953828811646, -0.38851818442344666, 0.3966318964958191, -0.5792032480239868, 0.23041485249996185, 0.005818545818328857, 1.134256362915039, 0.4221862256526947, 0.4012611210346222, 0.14777469635009766, 0.14287669956684113, -1.0461480617523193, -0.9224028587341309, 1.06734299659729, 0.12264785170555115, 0.3909754753112793, 0.6017584800720215, 0.17629820108413696, 0.0906333327293396, -0.4670222997665405, 0.10325570404529572, -0.6352740526199341, 0.2560915946960449, 0.5005772709846497, 0.01076275110244751, -0.47219282388687134, -0.3914993107318878, -0.18360614776611328, -0.998837411403656, 0.02096135914325714, -0.9216357469558716, 0.5474739074707031, -0.5204057097434998, -0.6799407005310059, 0.21304360032081604, -1.0638515949249268, 0.12323234975337982, -1.5986727476119995, 0.2092781662940979, -0.9725233316421509, -0.3055574297904968, 0.5229424238204956, 0.0, 0.004504844546318054], "topology": [5, 8, 2]}