{"generation": 2, "best_fitness": 91.0, "pipe_seed": 1268110275, "genome": [-0.47153440117836, -0.19101394712924957, 0.6595144271850586, -0.3356323838233948, 0.16744208335876465, -0.6185584664344788, -0.5668482184410095, 0.1836223155260086, 0.17090019583702087, -0.2556971311569214, 0.003967868164181709, -0.45013564825057983, -0.0869632139801979, -0.44264405965805054, -0.5985660552978516, -0.5271769762039185, 0.13547685742378235, -0.511926531791687, 0.03227968141436577, -0.28781887888908386, 1.0470285415649414, 0.5958541631698608, -0.3210466504096985, -0.34096667170524597, -0.10939697921276093, -0.538669228553772, 0.43737801909446716, -0.5620333552360535, -0.09611979126930237, 0.8492206931114197, -0.11170485615730286, -0.9490289688110352, 0.28891411423683167, 1.168404221534729, -1.010176658630371, 0.6481572985649109, -0.32284608483314514, -0.432971715927124, 0.21871928870677948, 0.0077913496643304825, 0.0, 0.0, 0.0, 0.0, 0.0, 0.0, 0.0, 0.0, 0.0287574864923954, -0.05283975601196289, 0.9395924210548401, -0.841568112373352, -0.41045287251472473, 1.4862871170043945, -0.42297667264938354, -0.5145342350006104, 0.58942049741745, -0.9599756002426147, -0.36313068866729736, -0.41304951906204224, -0.12325787544250488, -0.6573261022567749, -0.44862639904022217, -0.7675645351409912, 0.0, 0.0], "topology": [5, 8, 2]}