{"generation": 12, "best_fitness": 234.0, "pipe_seed": 1412607956, "genome": [0.26043784618377686, -0.40776124596595764, 1.2024729251861572, 0.1273203194141388, 0.16744208335876465, -0.3952158987522125, 0.21298961341381073, -0.3127833902835846, 0.20463702082633972, 0.15003898739814758, 0.13600698113441467, 0.09567485004663467, 0.5024455785751343, -1.8790321350097656, -1.0031594038009644, -0.13182085752487183, -0.07470756769180298, -0.18232357501983643, 0.08443077653646469, 0.19491152465343475, -0.5457269549369812, 0.23569990694522858, 1.2224764823913574, -0.12570515275001526, 1.250352382659912, -0.9142394065856934, 0.8295748233795166, 0.005818545818328857, 2.040494680404663, 1.193543553352356, 0.4012611210346222, -0.6454812288284302, -1.4052398204803467, -1.0461480617523193, -1.2775094509124756, -0.3221644163131714, -0.05699384957551956, 0.3078700006008148, -0.2329447716474533, -0.15154549479484558, 0.0, -0.291503369808197, 0.0, 0.4117633104324341, 0.0, 0.04631076380610466, 0.36735257506370544, 0.43520286679267883, 0.0287574864923954, 0.030627897009253502, -0.3533741235733032, -0.3384322226047516, -0.32509303092956543, 0.6609390377998352, -0.28756752610206604, -0.2594747543334961, 0.017137717455625534, -0.20884697139263153, 0.26456981897354126, -1.6974915266036987, 0.00092586554819718, -0.7908074259757996, -0.02031192183494568, 0.773463785648346, 0.0, -0.5605393648147583], "topology": [5, 8, 2]}