{"generation": 6, "best_fitness": 172.0, "pipe_seed": 41228885, "genome": [0.65928715467453, -0.19101394712924957, 0.6595144271850586, -0.5292980670928955, -0.7742425799369812, -0.29800161719322205, -0.1491735279560089, -0.3127833902835846, -0.0323285274207592, -0.4055001437664032, -0.2514360547065735, -0.5380797386169434, -0.0869632139801979, 1.0688613653182983, 1.3546110391616821, -1.1715625524520874, 0.13547685742378235, -0.3907987177371979, -0.5520811080932617, -0.28781887888908386, -0.27045708894729614, 0.29215189814567566, -1.1750766038894653, 0.33314958214759827, -0.10939697921276093, -0.538669228553772, -0.020719081163406372, -0.5620333552360535, 0.36243876814842224, 0.21178743243217468, 0.17826613783836365, 0.3442476987838745, -0.08578728139400482, 0.7174306511878967, -0.7628868818283081, 0.6481572985649109, 0.60626620054245, 0.3459584712982178, -0.48870253562927246, 0.0077913496643304825, 0.0, -0.09392520040273666, 0.0, 0.4457869827747345, 0.21903592348098755, 0.0, 0.0, 0.0, 0.0287574864923954, -0.05283975601196289, 0.5041298866271973, -0.09913499653339386, -0.9886021614074707, 1.4862871170043945, 0.5800480246543884, -0.6081616878509521, 0.16388696432113647, -0.9599756002426147, -0.23085936903953552, 0.7148199081420898, -0.17770186066627502, -0.06250402331352234, -0.2908204197883606, -0.7675645351409912, 0.0, 0.0], "topology": [5, 8, 2]}