{"generation": 7, "best_fitness": 153.0, "pipe_seed": 1346830216, "genome": [0.19247323274612427, 0.08975916355848312, 0.19116181135177612, -0.23573610186576843, -0.5019510984420776, -0.3952158987522125, -0.39911648631095886, -0.469717800617218, -0.4841183125972748, 0.07832738012075424, 0.13600698113441467, 0.7078216671943665, -0.6645601987838745, -1.0645508766174316, -1.0031594038009644, -0.2114504873752594, 0.7634069323539734, -0.511926531791687, 0.2587350010871887, -0.034669701009988785, -0.5457269549369812, -0.22825059294700623, 0.29608336091041565, -0.2519696354866028, 1.0230602025985718, -0.6269287467002869, 0.7480621933937073, -0.7349570393562317, 0.10194864869117737, 1.193543553352356, 0.4012611210346222, -0.6454812288284302, -1.4052398204803467, -0.5367569923400879, -0.9482437372207642, -0.7983081936836243, -0.31334948539733887, 0.3085023760795593, 0.6633713245391846, -0.010314937680959702, 0.0, -0.12623538076877594, 0.057803135365247726, 0.0, 0.0, 0.04631076380610466, 0.36735257506370544, 0.0, 0.0287574864923954, 0.17873355746269226, -0.46186619997024536, -0.3411414623260498, -0.41045287251472473, -0.13274416327476501, -0.5272848606109619, 0.5782040357589722, 0.8775457739830017, -0.5324332118034363, 0.5116202235221863, -1.5986727476119995, -0.38264161348342896, 0.019883722066879272, -1.031795620918274, -0.7675645351409912, 0.0, 0.0], "topology": [5, 8, 2]}