{"generation": 11, "best_fitness": 226.0, "pipe_seed": 1348344144, "genome": [-0.3123657703399658, -0.19101394712924957, 0.40879911184310913, 0.1273203194141388, 0.5031433701515198, -0.3952158987522125, -0.7430210113525391, 0.30360615253448486, 0.20463702082633972, -0.447561651468277, 0.13600698113441467, 0.8350696563720703, -0.2058621197938919, 0.1146070659160614, -1.329702377319336, -0.904018759727478, -0.07470756769180298, -0.8774074912071228, 0.03227968141436577, 1.3093607425689697, 0.7725816965103149, -0.22825059294700623, 1.2224764823913574, -0.4388284385204315, 0.36049047112464905, -0.538669228553772, -1.1639608144760132, -0.7349570393562317, 0.8003997206687927, 0.3692788779735565, 0.30479997396469116, 0.982464611530304, -0.07716871798038483, -0.3491000235080719, -1.010176658630371, -0.5298076868057251, -0.32284608483314514, 0.3078700006008148, 1.1089208126068115, 0.158207505941391, 0.0, 0.1569000482559204, 0.13782353699207306, 0.0, 0.38140949606895447, -0.2670970857143402, 0.0, 0.773534893989563, -0.24397462606430054, -0.28660574555397034, 0.43455174565315247, -0.26642340421676636, 0.0671701729297638, 1.4862871170043945, -0.18138961493968964, 1.3130288124084473, -0.39954012632369995, -0.025761593133211136, 0.23273161053657532, -0.45875829458236694, 0.3203498423099518, -0.8751286268234253, -0.3055574297904968, -0.8132415413856506, 0.019895590841770172, 0.0], "topology": [5, 8, 2]}