{"generation": 18, "best_fitness": 145.0, "pipe_seed": 29298528, "genome": [0.12490770220756531, -0.40776124596595764, 0.6595144271850586, 0.02520867809653282, -0.30882859230041504, -0.9271482229232788, 0.21298961341381073, -0.3127833902835846, 0.3632771968841553, -0.3694899082183838, 0.13600698113441467, 0.41506487131118774, 0.5842901468276978, -1.5513758659362793, -0.20397120714187622, 0.21882176399230957, 0.5150868892669678, 0.1649019569158554, 0.2587350010871887, 1.0186017751693726, -0.8985874652862549, 0.3223152458667755, 1.4084444046020508, -0.47653308510780334, 0.031870514154434204, -0.6229465007781982, 0.23041485249996185, 0.2942109704017639, 2.0916178226470947, 1.193543553352356, 0.7897393703460693, -0.6454812288284302, 0.14287669956684113, -1.0461480617523193, -1.6345860958099365, 1.2293694019317627, -0.26721709966659546, 0.14822670817375183, 0.10760879516601562, -0.5944303274154663, -0.08674213290214539, -0.33687859773635864, -0.07312601804733276, 0.4117633104324341, -0.45527687668800354, 0.5005772709846497, 0.36735257506370544, 0.0, -0.3914993107318878, 0.17873355746269226, -0.720171332359314, -0.18698963522911072, -0.4474753141403198, 0.704405665397644, -0.7275575995445251, 0.3888636827468872, 0.401059091091156, -0.9672853350639343, -0.23266786336898804, -2.1385281085968018, -0.1060277596116066, -0.9801360964775085, 0.1309935748577118, -0.7904798984527588, -0.18540409207344055, -0.4708440899848938], "topology": [5, 8, 2]}