{"generation": 13, "best_fitness": 156.0, "pipe_seed": 1630512847, "genome": [0.6919841766357422, -0.20719856023788452, 0.16477954387664795, 0.1273203194141388, 0.16744208335876465, -0.5880764722824097, 0.5713828802108765, -0.6300994157791138, 0.20463702082633972, 0.14097516238689423, 0.13600698113441467, 0.2826300263404846, 0.5024455785751343, -0.06836438924074173, -1.329702377319336, -0.15655003488063812, 0.13547685742378235, -0.6659609079360962, 0.2587350010871887, 0.8080204725265503, -0.17790217697620392, -0.5442907810211182, 1.3891384601593018, -0.27405446767807007, 0.4308013319969177, -0.538669228553772, -0.02565149962902069, -0.7349570393562317, 0.8003997206687927, 1.193543553352356, 0.30479997396469116, 0.14775323867797852, -1.4052398204803467, -0.012727797031402588, -1.010176658630371, 0.8582345843315125, -0.46183809638023376, 0.04130399972200394, 0.6633713245391846, 0.158207505941391, 0.06808245182037354, -0.26565128564834595, 0.13782353699207306, -0.6304646730422974, 0.17803645133972168, -0.2670970857143402, 0.36735257506370544, 0.0, 0.2987329959869385, -0.28660574555397034, -0.46186619997024536, -0.18698963522911072, -0.4736657738685608, -0.026008442044258118, -0.7275575995445251, 0.3027268946170807, 0.36030131578445435, -0.04415901377797127, 0.26456981897354126, -1.8814430236816406, 0.19618165493011475, -0.7693111896514893, -0.3055574297904968, -0.8132415413856506, -0.25530606508255005, -0.21162784099578857], "topology": [5, 8, 2]}