{"generation": 4, "best_fitness": 253.0, "pipe_seed": 1479541658, "genome": [-0.7437397837638855, -0.46305179595947266, 0.6595144271850586, 0.09903884679079056, 0.9042161107063293, 1.343348741531372, -0.7430210113525391, -0.3243802487850189, 0.34963977336883545, -0.5506324172019958, 0.9801856279373169, 0.18764623999595642, -0.32484516501426697, -0.22985082864761353, -0.10036910325288773, -0.05801292136311531, -0.6335447430610657, -0.44865766167640686, 0.22978417575359344, 0.19491152465343475, 1.4641923904418945, 0.5510944724082947, -0.5931521654129028, 0.5071740746498108, -0.10939697921276093, 0.3885456323623657, -1.1639608144760132, -0.7349570393562317, -0.09611979126930237, 0.08348222821950912, 0.4809907376766205, 0.28567373752593994, -0.08578728139400482, -0.7054783701896667, -0.21505068242549896, 0.4211350083351135, -0.32284608483314514, -0.432971715927124, 0.6188565492630005, 0.3572889268398285, 0.0, 0.0917711928486824, 0.0, 0.0, 0.0, 0.0, 0.0, 0.0, -0.6412088871002197, 0.030627897009253502, -0.30027908086776733, 0.30557993054389954, -0.41045287251472473, 0.5670397281646729, 0.5800480246543884, -0.10557819902896881, -0.6885347962379456, -0.20884697139263153, -0.36313068866729736, 0.4813341796398163, 0.00092586554819718, -0.34585636854171753, -0.06592713296413422, 0.16866284608840942, 0.0, 0.0], "topology": [5, 8, 2]}