{"generation": 23, "best_fitness": 232.0, "pipe_seed": 1788392405, "genome": [0.12490770220756531, -0.20719856023788452, 0.8692685961723328, -0.7136785984039307, -0.182899609208107, -0.697281002998352, 0.21298961341381073, -1.4691510200500488, 0.1913418471813202, -0.20338070392608643, 0.13600698113441467, -0.08806659281253815, -0.9063103199005127, -2.003457546234131, 0.023378022015094757, 0.3379652798175812, 0.5150868892669678, -0.7662885785102844, 0.325111448764801, 1.2507617473602295, -0.5457269549369812, -0.05325116217136383, -0.22410185635089874, -0.12570515275001526, 0.4308013319969177, -0.6506524085998535, 0.27324292063713074, 0.005818545818328857, 0.5979745388031006, 1.193543553352356, 0.30479997396469116, 0.14777469635009766, -1.2589197158813477, -0.26087692379951477, -0.9224028587341309, 1.054526448249817, -0.30577173829078674, 0.29324403405189514, 0.42388302087783813, 0.0031388401985168457, 0.41213560104370117, -0.3924524188041687, 0.10325570404529572, 0.4117633104324341, 0.4384315609931946, 0.5737091302871704, 0.36735257506370544, -0.32823044061660767, -0.8797456622123718, -0.3224848806858063, -1.268644094467163, -0.18698963522911072, -0.9216357469558716, 0.802804708480835, -0.18138961493968964, -1.0302300453186035, -0.40821573138237, -0.17489145696163177, 0.09606249630451202, -1.1240944862365723, -0.1060277596116066, -0.5239865779876709, -0.02031192183494568, -1.3452236652374268, -0.31254836916923523, -0.20097936689853668], "topology": [5, 8, 2]}