{"generation": 22, "best_fitness": 226.0, "pipe_seed": 1557457230, "genome": [0.20968188345432281, 0.23360951244831085, 0.8692685961723328, 0.02976774424314499, -1.0795917510986328, -0.513504683971405, -0.020047098398208618, -1.2195338010787964, 0.296952486038208, -0.07243169099092484, 0.6732325553894043, 0.5440148115158081, -0.6696492433547974, -1.0478322505950928, -0.21043899655342102, 0.5994724631309509, 0.5150868892669678, -0.6659609079360962, 0.10769522190093994, 0.8080204725265503, -0.0156269371509552, -0.05325116217136383, 1.5999752283096313, -0.5648274421691895, 0.4308013319969177, -0.6506524085998535, 0.4453739821910858, 0.005818545818328857, 1.8500943183898926, 1.812026023864746, 0.30479997396469116, -0.6454812288284302, 0.14287669956684113, -0.26087692379951477, -0.9224028587341309, 0.8582345843315125, -0.30577173829078674, 0.8149192929267883, 0.42388302087783813, 0.158207505941391, 0.4922969937324524, -0.06454399228096008, 0.17571140825748444, -0.6986661553382874, -0.20156092941761017, 0.3758629560470581, 0.36735257506370544, -0.3497495949268341, -0.37162649631500244, -0.3224848806858063, -0.9212967157363892, 0.02096135914325714, -0.9216357469558716, 0.802804708480835, -0.3368918299674988, -0.2771443724632263, -0.6729625463485718, -0.17489145696163177, -0.16863997280597687, -2.2378149032592773, 0.00872715562582016, -0.5239865779876709, -0.02031192183494568, -1.3452236652374268, -0.31254836916923523, -0.20097936689853668], "topology": [5, 8, 2]}