{"generation": 14, "best_fitness": 226.0, "pipe_seed": 2073861185, "genome": [0.6919841766357422, -0.19101394712924957, 1.203232765197754, 2.0147106647491455, -0.2681146264076233, -0.5880764722824097, 0.17195488512516022, -0.3127833902835846, 0.20463702082633972, -0.5964555740356445, 0.8383705019950867, 0.8350696563720703, -0.44831013679504395, -2.108611822128296, 0.09488304704427719, -0.2114504873752594, -0.2774350941181183, -0.9750708341598511, -0.6550619006156921, 0.699896514415741, -0.5457269549369812, -0.22825059294700623, 1.2224764823913574, -0.47653308510780334, 1.0230602025985718, -0.6229465007781982, 0.23041485249996185, 0.2538648247718811, 2.040494680404663, 1.812026023864746, 0.4012611210346222, -0.6454812288284302, 0.14287669956684113, -0.5801163911819458, -0.9482437372207642, 1.06734299659729, -0.44604307413101196, 0.14822670817375183, 0.10760879516601562, -0.6015632152557373, -0.47974932193756104, -0.6813803911209106, 0.17571140825748444, -0.6986661553382874, 0.6021146178245544, 0.0, 0.36735257506370544, 0.0, -0.37162649631500244, -0.07136861979961395, -0.998837411403656, -0.389129638671875, -0.9216357469558716, 0.403140664100647, -0.7275575995445251, -0.48339223861694336, 0.017137717455625534, -0.9672853350639343, 0.27841630578041077, -0.4591902792453766, 0.11478379368782043, -0.3880362808704376, -0.3806076645851135, -0.6033583283424377, -0.15801167488098145, -0.4708440899848938], "topology": [5, 8, 2]}