{"generation": 9, "best_fitness": 227.0, "pipe_seed": 1835638729, "genome": [0.26043784618377686, -0.40776124596595764, -0.16879701614379883, 1.5141109228134155, -0.5019510984420776, -0.5880764722824097, 0.21298961341381073, -0.6300994157791138, 0.20463702082633972, 0.07832738012075424, -0.2550807595252991, -0.02039969339966774, 0.1639988124370575, -1.5513758659362793, -0.7645232081413269, -0.2114504873752594, 0.5636808276176453, -0.6659609079360962, 0.2587350010871887, 0.8080204725265503, -0.5971820950508118, -0.22825059294700623, 1.2224764823913574, -0.27405446767807007, 1.250352382659912, -0.6506524085998535, -0.02565149962902069, 0.2942109704017639, 2.040494680404663, 1.8170273303985596, 0.4012611210346222, -0.6454812288284302, -1.4052398204803467, -1.0461480617523193, -0.9482437372207642, 0.8582345843315125, -0.05699384957551956, 0.14822670817375183, 0.6633713245391846, 0.48952925205230713, 0.0, -0.21659836173057556, 0.17571140825748444, 0.4117633104324341, 0.329210489988327, 0.04631076380610466, 0.36735257506370544, 0.0, 0.0287574864923954, -0.07136861979961395, -0.46186619997024536, -0.18698963522911072, -0.41045287251472473, -0.13274416327476501, -0.7275575995445251, -0.6799407005310059, 0.017137717455625534, -0.025761593133211136, 0.26456981897354126, -1.5986727476119995, -0.10859769582748413, -0.7693111896514893, -0.14626550674438477, -0.8132415413856506, -0.18511952459812164, -0.19666185975074768], "topology": [5, 8, 2]}