{"generation": 19, "best_fitness": 403.0, "pipe_seed": 1035878956, "genome": [0.12490770220756531, -0.699928879737854, 1.203232765197754, -0.24373938143253326, -0.028797313570976257, -0.5632994771003723, -0.020047098398208618, -0.3127833902835846, -0.21103352308273315, -0.07243169099092484, 0.6732325553894043, -0.02039969339966774, 0.7619080543518066, -1.5513758659362793, -1.329702377319336, -0.06075790524482727, 0.5150868892669678, -0.3732263445854187, 0.2587350010871887, 0.8347528576850891, -0.7215121984481812, -0.5124698877334595, 1.2224764823913574, -0.002430371940135956, 0.3966318964958191, -0.9142394065856934, 0.10653221607208252, 0.005818545818328857, 0.7662148475646973, 0.4221862256526947, 0.412594735622406, -0.6454812288284302, 0.14287669956684113, -0.26087692379951477, -0.9224028587341309, 0.8582345843315125, -0.6979693174362183, 0.5121513605117798, 0.42388302087783813, -0.6015632152557373, 0.0, -0.4670222997665405, 0.022174909710884094, -0.8122894763946533, 0.3361637592315674, 0.263227641582489, 0.04053489863872528, 0.3861067593097687, -0.3914993107318878, 0.17873355746269226, -1.0456699132919312, 0.02096135914325714, -0.9216357469558716, 0.403140664100647, -0.18138961493968964, 0.22948765754699707, -0.6729625463485718, 0.11135794222354889, 0.09606249630451202, -1.8432308435440063, -0.10859769582748413, -0.6873451471328735, -0.3055574297904968, 0.773463785648346, -0.15801167488098145, -0.20097936689853668], "topology": [5, 8, 2]}