{"generation": 16, "best_fitness": 142.0, "pipe_seed": 963567277, "genome": [-0.26523783802986145, -0.19101394712924957, 1.203232765197754, 2.0147106647491455, -0.028797313570976257, -0.5880764722824097, 0.21726572513580322, -0.3127833902835846, -0.21103352308273315, -0.5964555740356445, 0.6732325553894043, -0.02039969339966774, 0.7619080543518066, -2.108611822128296, -1.0031594038009644, -0.2114504873752594, -0.2774350941181183, -0.6659609079360962, 0.08443077653646469, 0.699896514415741, -0.29607170820236206, 0.21999353170394897, 1.2224764823913574, -0.12570515275001526, 1.250352382659912, -0.9142394065856934, 0.23041485249996185, 0.14771051704883575, 2.040494680404663, 1.812026023864746, 0.4012611210346222, -0.6454812288284302, 0.14287669956684113, -0.5801163911819458, -0.5784159302711487, 1.06734299659729, -0.44604307413101196, 0.2436998188495636, 0.42388302087783813, -0.6015632152557373, -0.6246564388275146, -0.6813803911209106, 0.17571140825748444, -0.6986661553382874, 0.2560915946960449, -0.024671029299497604, 0.36735257506370544, -0.47219282388687134, -0.37162649631500244, -0.3224848806858063, -0.998837411403656, 0.02096135914325714, -0.9216357469558716, 0.403140664100647, -0.18138961493968964, -0.6799407005310059, -0.8384226560592651, -0.9672853350639343, -0.06949394941329956, -1.8709508180618286, 0.11478379368782043, -0.575659453868866, -0.3806076645851135, -0.6033583283424377, -0.18511952459812164, -0.19666185975074768], "topology": [5, 8, 2]}