{"generation": 5, "best_fitness": 226.0, "pipe_seed": 561010102, "genome": [0.26043784618377686, 0.08975916355848312, 0.7692546844482422, -0.3356323838233948, -0.5019510984420776, -0.29800161719322205, -0.39911648631095886, -0.6300994157791138, -0.4841183125972748, 0.07832738012075424, -0.2550807595252991, -0.02039969339966774, 0.5024455785751343, -1.5513758659362793, -0.6799365282058716, -0.2114504873752594, 0.28525829315185547, -0.511926531791687, 0.2587350010871887, 0.8080204725265503, -0.5457269549369812, -0.22825059294700623, 1.2224764823913574, -0.2519696354866028, 1.0230602025985718, 0.09273747354745865, -0.1643565148115158, -0.46117836236953735, 2.040494680404663, 1.193543553352356, 0.4012611210346222, -0.6454812288284302, -0.08578728139400482, -0.8508468270301819, -0.9482437372207642, 0.8582345843315125, -0.31334948539733887, -0.1526937186717987, 0.6633713245391846, -0.2755478620529175, 0.0, -0.21659836173057556, 0.0, 0.4117633104324341, 0.0, 0.04631076380610466, 0.36735257506370544, 0.0, 0.0287574864923954, -0.28660574555397034, -0.46186619997024536, 1.0463387966156006, -0.41045287251472473, -0.13274416327476501, -0.5272848606109619, -0.2594747543334961, 0.2110098898410797, -0.025761593133211136, 0.5116202235221863, -1.5986727476119995, -0.10859769582748413, -0.7693111896514893, -0.14626550674438477, -0.8132415413856506, 0.0, 0.0], "topology": [5, 8, 2]}