{"generation": 8, "best_fitness": 172.0, "pipe_seed": 177409823, "genome": [0.6919841766357422, -0.20719856023788452, 1.54046630859375, 1.8082698583602905, -0.5019510984420776, -0.5880764722824097, 0.5713828802108765, -0.3127833902835846, -0.731078565120697, 0.07832738012075424, -0.15631994605064392, 0.09567485004663467, 0.24924267828464508, -1.5513758659362793, -0.6799365282058716, 0.3379652798175812, -0.2774350941181183, -0.511926531791687, 0.2587350010871887, 0.05128124728798866, -0.2536618113517761, 0.8666138648986816, 1.2224764823913574, -1.2234091758728027, -0.10939697921276093, -0.538669228553772, -0.1643565148115158, -0.8217241168022156, -1.0621438026428223, 1.193543553352356, 0.4012611210346222, 0.3442476987838745, 0.2865416705608368, -1.0461480617523193, -0.5784159302711487, -0.7532378435134888, -0.32284608483314514, 0.13277819752693176, 1.1331510543823242, -0.6015632152557373, 0.0, 0.0, 0.0, -0.18344669044017792, 0.3306148648262024, 0.5005772709846497, 0.3774970769882202, -0.014275416731834412, 0.0287574864923954, 0.17873355746269226, -0.46186619997024536, -0.18698963522911072, -0.25586146116256714, 1.4862871170043945, -0.8825068473815918, -0.2594747543334961, -0.6019330620765686, -0.04415901377797127, -0.5307042002677917, -0.10361866652965546, -0.13776642084121704, -0.4126555621623993, -0.5767238140106201, 0.773463785648346, -0.31254836916923523, 0.0], "topology": [5, 8, 2]}