{"generation": 17, "best_fitness": 238.0, "pipe_seed": 2087508195, "genome": [0.26043784618377686, -0.699928879737854, 1.203232765197754, -0.24373938143253326, -0.028797313570976257, -0.5880764722824097, 0.2809881865978241, -0.3127833902835846, -0.21103352308273315, -0.5964555740356445, 0.6732325553894043, -0.02039969339966774, 0.7619080543518066, -2.108611822128296, 0.023378022015094757, -0.17015720903873444, -0.0016155242919921875, -0.6659609079360962, 0.08443077653646469, 0.45982563495635986, -0.5971820950508118, 0.21999353170394897, 1.2224764823913574, -0.12570515275001526, 0.3966318964958191, -0.9142394065856934, 0.23041485249996185, 0.4090180993080139, 2.040494680404663, -0.060810595750808716, 0.4012611210346222, -0.7188684940338135, 0.14287669956684113, -0.26087692379951477, -0.9482437372207642, 0.8582345843315125, -0.44604307413101196, 0.2436998188495636, 0.42388302087783813, -0.6015632152557373, -0.6246564388275146, -0.39822179079055786, 0.17571140825748444, -0.6986661553382874, 0.2560915946960449, 0.3758629560470581, 0.36735257506370544, 0.0, -0.5575742721557617, -0.3224848806858063, -1.0456699132919312, 0.02096135914325714, -0.9216357469558716, 0.403140664100647, -0.18138961493968964, -0.6799407005310059, -0.339364230632782, -0.9672853350639343, -0.06949394941329956, -1.8709508180618286, 0.11478379368782043, -0.7693111896514893, -0.3806076645851135, -0.6033583283424377, -0.35950252413749695, -0.28038573265075684], "topology": [5, 8, 2]}